"Trạng thái","Thư mục","Tên file cần up","Nội dung ảnh (alt)","Vị trí","Loại","Trang","File bài viết","Bài đang bật"
"Đã có","anh-goc/danh-muc/","dau-banh-rang.jpg","","Ảnh chính","Danh mục","/dau-banh-rang","src/content/danhmuc/dau-banh-rang.md","Có"
"THIẾU","anh-goc/danh-muc/","dau-cach-dien.jpg","Máy biến áp ngâm dầu trong trạm điện nhà máy","Ảnh chính","Danh mục","/dau-cach-dien","src/content/danhmuc/dau-cach-dien.md","Có"
"THIẾU","anh-goc/danh-muc/","dau-cau-hop-so.jpg","Phuy dầu cầu, dầu hộp số xếp trong kho cạnh xe tải","Ảnh chính","Danh mục","/dau-cau-hop-so","src/content/danhmuc/dau-cau-hop-so.md","Có"
"Đã có","anh-goc/danh-muc/","dau-chong-gi-set.jpg","","Ảnh chính","Danh mục","/dau-chong-gi-set","src/content/danhmuc/dau-chong-gi-set.md","Có"
"THIẾU","anh-goc/danh-muc/","dau-dong-co-diesel.jpg","Can và phuy dầu động cơ diesel cạnh đầu xe tải","Ảnh chính","Danh mục","/dau-dong-co-diesel","src/content/danhmuc/dau-dong-co-diesel.md","Có"
"THIẾU","anh-goc/danh-muc/","dau-may-hut-chan-khong.jpg","Bơm chân không cánh gạt trong nhà xưởng và xô dầu bơm chân không","Ảnh chính","Danh mục","/dau-may-hut-chan-khong","src/content/danhmuc/dau-may-hut-chan-khong.md","Có"
"THIẾU","anh-goc/danh-muc/","dau-may-may.jpg","Máy may công nghiệp trong xưởng may và xô dầu máy may","Ảnh chính","Danh mục","/dau-may-may","src/content/danhmuc/dau-may-may.md","Có"
"Đã có","anh-goc/danh-muc/","dau-may-nen-khi.jpg","","Ảnh chính","Danh mục","/dau-may-nen-khi","src/content/danhmuc/dau-may-nen-khi.md","Có"
"Đã có","anh-goc/danh-muc/","dau-ranh-truot.jpg","","Ảnh chính","Danh mục","/dau-ranh-truot","src/content/danhmuc/dau-ranh-truot.md","Có"
"Đã có","anh-goc/danh-muc/","dau-thuy-luc.jpg","","Ảnh chính","Danh mục","/dau-thuy-luc","src/content/danhmuc/dau-thuy-luc.md","Có"
"Đã có","anh-goc/danh-muc/","dau-xung-dien-edm.jpg","","Ảnh chính","Danh mục","/dau-xung-dien-edm","src/content/danhmuc/dau-xung-dien-edm.md","Có"
"Đã có","anh-goc/danh-muc/","mo-boi-tron-cong-nghiep.jpg","","Ảnh chính","Danh mục","/mo-boi-tron-cong-nghiep","src/content/danhmuc/mo-boi-tron-cong-nghiep.md","Có"
"Đã có","anh-goc/danh-muc/","mo-chiu-nhiet.jpg","","Ảnh chính","Danh mục","/mo-chiu-nhiet","src/content/danhmuc/mo-chiu-nhiet.md","Có"
"THIẾU","anh-goc/san-pham/","calix-ceno-grease-no3-phuy-180kg.jpg","Phuy 180 kg mỡ Calix Ceno No3 tại kho Hải Phòng","Ảnh sản phẩm","Sản phẩm","/mo-boi-tron-cong-nghiep/calix-ceno-grease","src/content/sanpham/calix-ceno-grease.md","Có"
"Đã có","anh-goc/san-pham/","calix-ceno-grease-nhan.jpg","Nhãn phuy mỡ nhờn công nghiệp Calix Ceno No3","Ảnh sản phẩm","Sản phẩm","/mo-boi-tron-cong-nghiep/calix-ceno-grease","src/content/sanpham/calix-ceno-grease.md","Có"
"Đã có","anh-goc/san-pham/","castrol-crb-turbomax-20w50-phuy-209l.jpg","Phuy 209 lít dầu động cơ Castrol CRB Turbomax 20W-50","Ảnh sản phẩm","Sản phẩm","/dau-dong-co-diesel/castrol-crb-turbomax","src/content/sanpham/castrol-crb-turbomax.md","Có"
"Đã có","anh-goc/san-pham/","castrol-crb-turbomax-nhan.jpg","Nhãn xô Castrol CRB Turbomax ghi cấp API CI-4 và cấp độ nhớt","Ảnh sản phẩm","Sản phẩm","/dau-dong-co-diesel/castrol-crb-turbomax","src/content/sanpham/castrol-crb-turbomax.md","Có"
"Đã có","anh-goc/san-pham/","castrol-hyspin-aws-68-phuy-209l.jpg","Phuy 209 lít dầu thủy lực Castrol Hyspin AWS 68 tại kho Hải Phòng","Ảnh sản phẩm","Sản phẩm","/dau-thuy-luc/castrol-hyspin-aws-68","src/content/sanpham/castrol-hyspin-aws-68.md","Có"
"Đã có","anh-goc/san-pham/","castrol-hyspin-aws-68-nhan.jpg","Nhãn phuy Castrol Hyspin AWS 68 ghi cấp độ nhớt và tiêu chuẩn","Ảnh sản phẩm","Sản phẩm","/dau-thuy-luc/castrol-hyspin-aws-68","src/content/sanpham/castrol-hyspin-aws-68.md","Có"
"Đã có","anh-goc/san-pham/","castrol-hyspin-aws-68-kho.jpg","Phuy Castrol Hyspin AWS 68 xếp trên pallet trong kho HT VINA","Ảnh sản phẩm","Sản phẩm","/dau-thuy-luc/castrol-hyspin-aws-68","src/content/sanpham/castrol-hyspin-aws-68.md","Có"
"THIẾU","anh-goc/san-pham/","castrol-vecton-phuy-209l.jpg","Phuy 209 lít dầu động cơ Castrol Vecton 15W-40 CI-4/E7 tại kho Hải Phòng","Ảnh sản phẩm","Sản phẩm","/dau-dong-co-diesel/castrol-vecton","src/content/sanpham/castrol-vecton.md","Có"
"Đã có","anh-goc/san-pham/","castrol-vecton-nhan.jpg","Nhãn phuy Castrol Vecton 15W-40 ghi cấp API CI-4 và ACEA E7","Ảnh sản phẩm","Sản phẩm","/dau-dong-co-diesel/castrol-vecton","src/content/sanpham/castrol-vecton.md","Có"
"Đã có","anh-goc/san-pham/","eneos-bonnoc-ts-220-xo-18l.jpg","Xô 18 lít dầu bánh răng ENEOS Bonnoc TS 220","Ảnh sản phẩm","Sản phẩm","/dau-banh-rang/eneos-bonnoc-ts","src/content/sanpham/eneos-bonnoc-ts.md","Có"
"THIẾU","anh-goc/san-pham/","eneos-bonnoc-ts-nhan.jpg","Nhãn xô ENEOS Bonnoc TS ghi cấp độ nhớt ISO VG","Ảnh sản phẩm","Sản phẩm","/dau-banh-rang/eneos-bonnoc-ts","src/content/sanpham/eneos-bonnoc-ts.md","Có"
"Đã có","anh-goc/san-pham/","eneos-deo-cf-4-20w50-can-18l.jpg","Can 18 lít dầu động cơ ENEOS CF-4 20W-50","Ảnh sản phẩm","Sản phẩm","/dau-dong-co-diesel/eneos-deo-cf-4","src/content/sanpham/eneos-deo-cf-4.md","Có"
"Đã có","anh-goc/san-pham/","eneos-deo-cf-4-15w40-can-18l.jpg","Can 18 lít dầu động cơ diesel ENEOS CF-4 15W-40","Ảnh sản phẩm","Sản phẩm","/dau-dong-co-diesel/eneos-deo-cf-4","src/content/sanpham/eneos-deo-cf-4.md","Có"
"Đã có","anh-goc/san-pham/","eneos-deo-cf-4-nhan.jpg","Nhãn can ENEOS CF-4 ghi cấp API và cấp độ nhớt SAE","Ảnh sản phẩm","Sản phẩm","/dau-dong-co-diesel/eneos-deo-cf-4","src/content/sanpham/eneos-deo-cf-4.md","Có"
"THIẾU","anh-goc/san-pham/","eneos-deo-ci-4-20w50-phuy-200l.jpg","Phuy 200 lít dầu động cơ diesel ENEOS DEO CI-4 20W-50 tại kho Hải Phòng","Ảnh sản phẩm","Sản phẩm","/dau-dong-co-diesel/eneos-deo-ci-4","src/content/sanpham/eneos-deo-ci-4.md","Có"
"Đã có","anh-goc/san-pham/","eneos-deo-ci-4-15w40-can-18l.jpg","Can 18 lít dầu động cơ ENEOS CI-4/SL 15W-40","Ảnh sản phẩm","Sản phẩm","/dau-dong-co-diesel/eneos-deo-ci-4","src/content/sanpham/eneos-deo-ci-4.md","Có"
"Đã có","anh-goc/san-pham/","eneos-deo-ci-4-20w50-can-18l.jpg","Can 18 lít dầu động cơ diesel ENEOS CI-4 20W-50","Ảnh sản phẩm","Sản phẩm","/dau-dong-co-diesel/eneos-deo-ci-4","src/content/sanpham/eneos-deo-ci-4.md","Có"
"Đã có","anh-goc/san-pham/","eneos-deo-ci-4-nhan.jpg","Nhãn can ENEOS CI-4/SL ghi cấp API và cấp độ nhớt SAE","Ảnh sản phẩm","Sản phẩm","/dau-dong-co-diesel/eneos-deo-ci-4","src/content/sanpham/eneos-deo-ci-4.md","Có"
"Đã có","anh-goc/san-pham/","eneos-faircol-ra-32-can-18l.jpg","Can 18 lít dầu máy nén khí ENEOS Faircol RA 32 tại kho Hải Phòng","Ảnh sản phẩm","Sản phẩm","/dau-may-nen-khi/eneos-faircol-ra","src/content/sanpham/eneos-faircol-ra.md","Có"
"Đã có","anh-goc/san-pham/","eneos-faircol-ra-32-nhan.jpg","Nhãn can ENEOS Faircol RA 32 ghi cấp độ nhớt ISO VG 32","Ảnh sản phẩm","Sản phẩm","/dau-may-nen-khi/eneos-faircol-ra","src/content/sanpham/eneos-faircol-ra.md","Có"
"Đã có","anh-goc/san-pham/","eneos-super-hyrando-68-phuy-200l.jpg","Phuy 200 lít dầu thủy lực ENEOS Super Hyrando 68 tại kho Hải Phòng","Ảnh sản phẩm","Sản phẩm","/dau-thuy-luc/eneos-super-hyrando-68","src/content/sanpham/eneos-super-hyrando-68.md","Có"
"THIẾU","anh-goc/san-pham/","eneos-super-hyrando-68-nhan.jpg","Nhãn can ENEOS Super Hyrando 68 ghi cấp độ nhớt ISO VG 68","Ảnh sản phẩm","Sản phẩm","/dau-thuy-luc/eneos-super-hyrando-68","src/content/sanpham/eneos-super-hyrando-68.md","Có"
"Đã có","anh-goc/san-pham/","licas-grease-no3-ong-400g.jpg","Thùng 30 ống mỡ Licas Grease No3 loại 400 g","Ảnh sản phẩm","Sản phẩm","/mo-boi-tron-cong-nghiep/licas-grease","src/content/sanpham/licas-grease.md","Có"
"THIẾU","anh-goc/san-pham/","pv-transmission-ep-gl4-90-phuy.jpg","Phuy dầu hộp số PVOIL PV Transmission 90 EP_GL4 tại kho Hải Phòng","Ảnh sản phẩm","Sản phẩm","/dau-cau-hop-so/pv-transmission-ep-gl4","src/content/sanpham/pv-transmission-ep-gl4.md","Có"
"THIẾU","anh-goc/san-pham/","pv-transmission-ep-gl4-nhan.jpg","Nhãn phuy PV Transmission EP_GL4 ghi cấp API GL-4 và cấp nhớt SAE","Ảnh sản phẩm","Sản phẩm","/dau-cau-hop-so/pv-transmission-ep-gl4","src/content/sanpham/pv-transmission-ep-gl4.md","Có"
"Đã có","anh-goc/san-pham/","shell-spirax-s2-a-85w-140-xo-20l.jpg","Xô 20 lít dầu cầu Shell Spirax S2 A 85W-140 tại kho Hải Phòng","Ảnh sản phẩm","Sản phẩm","/dau-cau-hop-so/shell-spirax-s2-a","src/content/sanpham/shell-spirax-s2-a.md","Có"
"Đã có","anh-goc/san-pham/","shell-spirax-s2-a-85w-140-nhan.jpg","Nhãn xô Shell Spirax S2 A 85W-140 ghi cấp API GL-5","Ảnh sản phẩm","Sản phẩm","/dau-cau-hop-so/shell-spirax-s2-a","src/content/sanpham/shell-spirax-s2-a.md","Có"
"Đã có","anh-goc/san-pham/","shl-synthway-68m-can-20l.jpg","Can 20 lít dầu rãnh trượt SHL Synthway 68M tại kho Hải Phòng","Ảnh sản phẩm","Sản phẩm","/dau-ranh-truot/shl-synthway-68m","src/content/sanpham/shl-synthway-68m.md","Có"
"Đã có","anh-goc/san-pham/","shl-synthway-68m-nhan.jpg","Nhãn can SHL Synthway 68M ghi cấp độ nhớt ISO VG 68","Ảnh sản phẩm","Sản phẩm","/dau-ranh-truot/shl-synthway-68m","src/content/sanpham/shl-synthway-68m.md","Có"
"Đã có","anh-goc/san-pham/","vhp-lithium-grease-l4-xo-17kg.jpg","Xô 17 kg mỡ VHP Lithium Grease L4 tại kho Hải Phòng","Ảnh sản phẩm","Sản phẩm","/mo-boi-tron-cong-nghiep/vhp-lithium-grease","src/content/sanpham/vhp-lithium-grease.md","Có"
"THIẾU","anh-goc/san-pham/","vhp-lithium-grease-nhan.jpg","Nhãn xô mỡ VHP Lithium Grease ghi cấp NLGI","Ảnh sản phẩm","Sản phẩm","/mo-boi-tron-cong-nghiep/vhp-lithium-grease","src/content/sanpham/vhp-lithium-grease.md","Có"
"Đã có","anh-goc/danh-muc/","dau-thuy-luc.jpg","","Ảnh chính","Bài viết","/ho-tro-ky-thuat/huong-dan-chon-do-nhot","src/content/blog/huong-dan-chon-do-nhot.md","Có"
"Bài đang tắt","anh-goc/danh-muc/","dau-nhot-xe-may.jpg","Chai dầu nhớt xe máy xếp trên kệ cạnh xe số và xe tay ga","Ảnh chính","Danh mục","/dau-nhot-xe-may","src/content/danhmuc/dau-nhot-xe-may.md","Không"
"Bài đang tắt","anh-goc/danh-muc/","nuoc-lam-mat.jpg","Can nước làm mát cạnh két nước động cơ xe tải","Ảnh chính","Danh mục","/nuoc-lam-mat","src/content/danhmuc/nuoc-lam-mat.md","Không"
"THIẾU (chờ TDS)","anh-goc/san-pham/","apex-tl-68-phuy-200l.jpg","Phuy 200 lít dầu thủy lực APEX TL 68 Quốc Trung tại kho Hải Phòng","Ảnh sản phẩm","Sản phẩm","/dau-thuy-luc/apex-tl-68","src/content/sanpham/apex-tl-68.md","Không"
"THIẾU (chờ TDS)","anh-goc/san-pham/","apex-tl-68-nhan.jpg","Nhãn phuy dầu thủy lực APEX TL 68","Ảnh sản phẩm","Sản phẩm","/dau-thuy-luc/apex-tl-68","src/content/sanpham/apex-tl-68.md","Không"
"Bài đang tắt","anh-goc/san-pham/","caltex-delo-silver-multigrade-phuy-208l.jpg","Phuy 208 lít dầu động cơ Caltex Delo Silver Multigrade 20W-50 tại kho Hải Phòng","Ảnh sản phẩm","Sản phẩm","/dau-dong-co-diesel/caltex-delo-silver-multigrade","src/content/sanpham/caltex-delo-silver-multigrade.md","Không"
"Bài đang tắt","anh-goc/san-pham/","caltex-delo-silver-multigrade-nhan.jpg","Nhãn phuy Caltex Delo Silver Multigrade SAE 20W-50 ghi cấp API CF-4","Ảnh sản phẩm","Sản phẩm","/dau-dong-co-diesel/caltex-delo-silver-multigrade","src/content/sanpham/caltex-delo-silver-multigrade.md","Không"
"Bài đang tắt","anh-goc/san-pham/","caltex-hydraulic-aw-68-phuy-208l.jpg","Phuy 208 lít dầu thủy lực Caltex Hydraulic Oil AW 68 tại kho Hải Phòng","Ảnh sản phẩm","Sản phẩm","/dau-thuy-luc/caltex-hydraulic-aw-68","src/content/sanpham/caltex-hydraulic-aw-68.md","Không"
"Bài đang tắt","anh-goc/san-pham/","caltex-hydraulic-aw-68-nhan.jpg","Nhãn phuy Caltex Hydraulic Oil AW 68","Ảnh sản phẩm","Sản phẩm","/dau-thuy-luc/caltex-hydraulic-aw-68","src/content/sanpham/caltex-hydraulic-aw-68.md","Không"
"Bài đang tắt","anh-goc/san-pham/","castrol-crb-cf-4-20w50-phuy-209l.jpg","Phuy 209 lít dầu động cơ diesel Castrol CRB 20W-50 CF-4 tại kho Hải Phòng","Ảnh sản phẩm","Sản phẩm","/dau-dong-co-diesel/castrol-crb-cf-4","src/content/sanpham/castrol-crb-cf-4.md","Không"
"Bài đang tắt","anh-goc/san-pham/","castrol-crb-cf-4-20w50-xo-18l.jpg","Xô 18 lít dầu động cơ Castrol CRB 20W-50 CF-4","Ảnh sản phẩm","Sản phẩm","/dau-dong-co-diesel/castrol-crb-cf-4","src/content/sanpham/castrol-crb-cf-4.md","Không"
"Bài đang tắt","anh-goc/san-pham/","castrol-crb-cf-4-nhan.jpg","Nhãn phuy Castrol CRB ghi cấp API CF-4 và cấp độ nhớt","Ảnh sản phẩm","Sản phẩm","/dau-dong-co-diesel/castrol-crb-cf-4","src/content/sanpham/castrol-crb-cf-4.md","Không"
"Bài đang tắt","anh-goc/san-pham/","castrol-hyspin-hlpz-68-xo-20l.jpg","Xô 20 lít dầu thủy lực Castrol Hyspin HLP-Z 68 tại kho Hải Phòng","Ảnh sản phẩm","Sản phẩm","/dau-thuy-luc/castrol-hyspin-hlpz-68","src/content/sanpham/castrol-hyspin-hlpz-68.md","Không"
"Bài đang tắt","anh-goc/san-pham/","castrol-hyspin-hlpz-68-nhan.jpg","Nhãn xô Castrol Hyspin HLP-Z 68 ghi cấp độ nhớt và tiêu chuẩn","Ảnh sản phẩm","Sản phẩm","/dau-thuy-luc/castrol-hyspin-hlpz-68","src/content/sanpham/castrol-hyspin-hlpz-68.md","Không"
"Bài đang tắt","anh-goc/san-pham/","castrol-transmax-axle-85w-140-phuy-209l.jpg","Phuy 209 lít dầu cầu Castrol Transmax Axle 85W-140 tại kho Hải Phòng","Ảnh sản phẩm","Sản phẩm","/dau-cau-hop-so/castrol-transmax-axle-85w-140","src/content/sanpham/castrol-transmax-axle-85w-140.md","Không"
"Bài đang tắt","anh-goc/san-pham/","castrol-transmax-axle-85w-140-nhan.jpg","Nhãn phuy Castrol Transmax Axle 85W-140 ghi cấp API GL-5","Ảnh sản phẩm","Sản phẩm","/dau-cau-hop-so/castrol-transmax-axle-85w-140","src/content/sanpham/castrol-transmax-axle-85w-140.md","Không"
"Bài đang tắt","anh-goc/san-pham/","cosmo-hydro-aw-68-phuy-200l.jpg","Phuy 200 lít dầu thủy lực Cosmo Hydro AW 68 tại kho Hải Phòng","Ảnh sản phẩm","Sản phẩm","/dau-thuy-luc/cosmo-hydro-aw-68","src/content/sanpham/cosmo-hydro-aw-68.md","Không"
"Bài đang tắt","anh-goc/san-pham/","cosmo-hydro-aw-68-nhan.jpg","Nhãn phuy Cosmo Hydro AW 68 ghi cấp độ nhớt và loại dầu","Ảnh sản phẩm","Sản phẩm","/dau-thuy-luc/cosmo-hydro-aw-68","src/content/sanpham/cosmo-hydro-aw-68.md","Không"
"THIẾU (chờ TDS)","anh-goc/san-pham/","emer-law-68-phuy-200l.jpg","Phuy 200 lít dầu thủy lực EMER LAW 68 tại kho Hải Phòng","Ảnh sản phẩm","Sản phẩm","/dau-thuy-luc/emer-law-68","src/content/sanpham/emer-law-68.md","Không"
"THIẾU (chờ TDS)","anh-goc/san-pham/","emer-law-68-xo-18l.jpg","Xô 18 lít dầu thủy lực EMER LAW 68","Ảnh sản phẩm","Sản phẩm","/dau-thuy-luc/emer-law-68","src/content/sanpham/emer-law-68.md","Không"
"THIẾU (chờ TDS)","anh-goc/san-pham/","emer-law-68-nhan.jpg","Nhãn dầu thủy lực EMER LAW 68","Ảnh sản phẩm","Sản phẩm","/dau-thuy-luc/emer-law-68","src/content/sanpham/emer-law-68.md","Không"
"THIẾU (chờ TDS)","anh-goc/san-pham/","emi-aw-68-phuy-200l.jpg","Phuy 200 lít dầu thủy lực EMI AW 68 tại kho Hải Phòng","Ảnh sản phẩm","Sản phẩm","/dau-thuy-luc/emi-aw-68","src/content/sanpham/emi-aw-68.md","Không"
"THIẾU (chờ TDS)","anh-goc/san-pham/","emi-aw-68-xo.jpg","Xô dầu thủy lực EMI AW 68","Ảnh sản phẩm","Sản phẩm","/dau-thuy-luc/emi-aw-68","src/content/sanpham/emi-aw-68.md","Không"
"THIẾU (chờ TDS)","anh-goc/san-pham/","emi-aw-68-nhan.jpg","Nhãn dầu thủy lực EMI AW 68 ghi cấp độ nhớt ISO VG 68","Ảnh sản phẩm","Sản phẩm","/dau-thuy-luc/emi-aw-68","src/content/sanpham/emi-aw-68.md","Không"
"THIẾU (chờ TDS)","anh-goc/san-pham/","emi-cf-4-20w-50-phuy-200l.jpg","Phuy 200 lít dầu động cơ diesel EMI CF-4 20W-50 tại kho Hải Phòng","Ảnh sản phẩm","Sản phẩm","/dau-dong-co-diesel/emi-cf-4-20w-50","src/content/sanpham/emi-cf-4-20w-50.md","Không"
"THIẾU (chờ TDS)","anh-goc/san-pham/","emi-cf-4-20w-50-nhan.jpg","Nhãn phuy EMI CF-4 20W-50 ghi cấp API và SAE","Ảnh sản phẩm","Sản phẩm","/dau-dong-co-diesel/emi-cf-4-20w-50","src/content/sanpham/emi-cf-4-20w-50.md","Không"
"THIẾU (chờ TDS)","anh-goc/san-pham/","emi-ci-4-20w-50-xo.jpg","Xô dầu động cơ diesel EMI CI-4 20W-50 tại kho Hải Phòng","Ảnh sản phẩm","Sản phẩm","/dau-dong-co-diesel/emi-ci-4-20w-50","src/content/sanpham/emi-ci-4-20w-50.md","Không"
"THIẾU (chờ TDS)","anh-goc/san-pham/","emi-ci-4-20w-50-nhan.jpg","Nhãn xô EMI CI-4 20W-50 ghi cấp API và SAE","Ảnh sản phẩm","Sản phẩm","/dau-dong-co-diesel/emi-ci-4-20w-50","src/content/sanpham/emi-ci-4-20w-50.md","Không"
"THIẾU (chờ TDS)","anh-goc/san-pham/","emi-gear-ep-gl-5-85w-140-xo.jpg","Xô dầu cầu EMI Gear EP 85W-140 API GL-5 tại kho Hải Phòng","Ảnh sản phẩm","Sản phẩm","/dau-cau-hop-so/emi-gear-ep-gl-5","src/content/sanpham/emi-gear-ep-gl-5.md","Không"
"THIẾU (chờ TDS)","anh-goc/san-pham/","emi-gear-ep-gl-5-80w-90-xo-18l.jpg","Xô 18 lít dầu cầu EMI 80W-90 API GL-5","Ảnh sản phẩm","Sản phẩm","/dau-cau-hop-so/emi-gear-ep-gl-5","src/content/sanpham/emi-gear-ep-gl-5.md","Không"
"THIẾU (chờ TDS)","anh-goc/san-pham/","emi-gear-ep-gl-5-nhan.jpg","Nhãn xô dầu cầu EMI Gear EP ghi cấp API GL-5 và SAE","Ảnh sản phẩm","Sản phẩm","/dau-cau-hop-so/emi-gear-ep-gl-5","src/content/sanpham/emi-gear-ep-gl-5.md","Không"
"Bài đang tắt","anh-goc/san-pham/","eneos-deo-cd-20w50-phuy-200l.jpg","Phuy 200 lít dầu động cơ diesel ENEOS CD 20W-50 tại kho Hải Phòng","Ảnh sản phẩm","Sản phẩm","/dau-dong-co-diesel/eneos-deo-cd","src/content/sanpham/eneos-deo-cd.md","Không"
"Bài đang tắt","anh-goc/san-pham/","eneos-deo-cd-20w50-can-18l.jpg","Can 18 lít dầu động cơ ENEOS CD 20W-50","Ảnh sản phẩm","Sản phẩm","/dau-dong-co-diesel/eneos-deo-cd","src/content/sanpham/eneos-deo-cd.md","Không"
"Bài đang tắt","anh-goc/san-pham/","eneos-deo-cd-15w40-phuy-200l.jpg","Phuy 200 lít dầu động cơ diesel ENEOS CD 15W-40","Ảnh sản phẩm","Sản phẩm","/dau-dong-co-diesel/eneos-deo-cd","src/content/sanpham/eneos-deo-cd.md","Không"
"Bài đang tắt","anh-goc/san-pham/","eneos-epnoc-ap-can.jpg","Can mỡ ENEOS Epnoc Grease AP(N) tại kho Hải Phòng","Ảnh sản phẩm","Sản phẩm","/mo-boi-tron-cong-nghiep/eneos-epnoc-ap","src/content/sanpham/eneos-epnoc-ap.md","Không"
"Bài đang tắt","anh-goc/san-pham/","eneos-epnoc-ap-nhan.jpg","Nhãn can mỡ ENEOS Epnoc Grease AP(N) ghi cấp NLGI","Ảnh sản phẩm","Sản phẩm","/mo-boi-tron-cong-nghiep/eneos-epnoc-ap","src/content/sanpham/eneos-epnoc-ap.md","Không"
"Bài đang tắt","anh-goc/san-pham/","eneos-gear-gl-5-90-phuy-200l.jpg","Phuy 200 lít dầu cầu ENEOS Gear Oil GL-5 SAE 90 tại kho Hải Phòng","Ảnh sản phẩm","Sản phẩm","/dau-cau-hop-so/eneos-gear-gl-5","src/content/sanpham/eneos-gear-gl-5.md","Không"
"Bài đang tắt","anh-goc/san-pham/","eneos-gear-gl-5-90-can-18l.jpg","Can 18 lít dầu cầu ENEOS Gear Oil GL-5 90","Ảnh sản phẩm","Sản phẩm","/dau-cau-hop-so/eneos-gear-gl-5","src/content/sanpham/eneos-gear-gl-5.md","Không"
"Bài đang tắt","anh-goc/san-pham/","eneos-gear-gl-5-80w-90-thung.jpg","Thùng dầu hộp số ENEOS Gear Oil GL-5 80W-90","Ảnh sản phẩm","Sản phẩm","/dau-cau-hop-so/eneos-gear-gl-5","src/content/sanpham/eneos-gear-gl-5.md","Không"
"Bài đang tắt","anh-goc/san-pham/","eneos-gear-gl-5-nhan.jpg","Nhãn ENEOS Gear Oil GL-5 ghi cấp API GL-5 và cấp độ nhớt SAE","Ảnh sản phẩm","Sản phẩm","/dau-cau-hop-so/eneos-gear-gl-5","src/content/sanpham/eneos-gear-gl-5.md","Không"
"THIẾU (chờ TDS)","anh-goc/san-pham/","eneos-mc-sj-20w-40-ma-chai.jpg","Chai dầu nhớt xe số ENEOS MC SJ MA 20W-40","Ảnh sản phẩm","Sản phẩm","/dau-nhot-xe-may/eneos-mc-sj-20w-40","src/content/sanpham/eneos-mc-sj-20w-40.md","Không"
"THIẾU (chờ TDS)","anh-goc/san-pham/","eneos-mc-sj-20w-40-mb-chai.jpg","Chai dầu nhớt xe tay ga ENEOS MC SJ MB 20W-40","Ảnh sản phẩm","Sản phẩm","/dau-nhot-xe-may/eneos-mc-sj-20w-40","src/content/sanpham/eneos-mc-sj-20w-40.md","Không"
"THIẾU (chờ TDS)","anh-goc/san-pham/","eneos-mc-sj-20w-40-nhan.jpg","Nhãn chai ENEOS MC ghi cấp API SJ, JASO và SAE 20W-40","Ảnh sản phẩm","Sản phẩm","/dau-nhot-xe-may/eneos-mc-sj-20w-40","src/content/sanpham/eneos-mc-sj-20w-40.md","Không"
"Bài đang tắt","anh-goc/san-pham/","eneos-super-mulpus-dx-68-phuy-200l.jpg","Phuy 200 lít dầu đa dụng ENEOS Super Mulpus DX 68 tại kho Hải Phòng","Ảnh sản phẩm","Sản phẩm","/dau-thuy-luc/eneos-super-mulpus-dx","src/content/sanpham/eneos-super-mulpus-dx.md","Không"
"Bài đang tắt","anh-goc/san-pham/","eneos-super-mulpus-dx-46-phuy-200l.jpg","Phuy 200 lít ENEOS Super Mulpus DX 46","Ảnh sản phẩm","Sản phẩm","/dau-thuy-luc/eneos-super-mulpus-dx","src/content/sanpham/eneos-super-mulpus-dx.md","Không"
"Bài đang tắt","anh-goc/san-pham/","eneos-super-mulpus-dx-nhan.jpg","Nhãn phuy ENEOS Super Mulpus DX ghi cấp độ nhớt ISO VG","Ảnh sản phẩm","Sản phẩm","/dau-thuy-luc/eneos-super-mulpus-dx","src/content/sanpham/eneos-super-mulpus-dx.md","Không"
"Bài đang tắt","anh-goc/san-pham/","idemitsu-daphne-super-screw-46-thung-20l.jpg","Thùng 20 lít dầu máy nén khí Idemitsu Daphne Super Screw 46 tại kho Hải Phòng","Ảnh sản phẩm","Sản phẩm","/dau-may-nen-khi/idemitsu-daphne-super-screw","src/content/sanpham/idemitsu-daphne-super-screw.md","Không"
"Bài đang tắt","anh-goc/san-pham/","idemitsu-daphne-super-screw-32-thung-20l.jpg","Thùng 20 lít dầu máy nén khí Idemitsu Daphne Super Screw 32","Ảnh sản phẩm","Sản phẩm","/dau-may-nen-khi/idemitsu-daphne-super-screw","src/content/sanpham/idemitsu-daphne-super-screw.md","Không"
"Bài đang tắt","anh-goc/san-pham/","idemitsu-daphne-super-screw-nhan.jpg","Nhãn thùng Idemitsu Daphne Super Screw ghi cấp độ nhớt","Ảnh sản phẩm","Sản phẩm","/dau-may-nen-khi/idemitsu-daphne-super-screw","src/content/sanpham/idemitsu-daphne-super-screw.md","Không"
"Đã có (chờ TDS)","anh-goc/san-pham/","maxima-68-xo-18l.jpg","Xô 18 lít dầu thủy lực Maxima 68 tại kho Hải Phòng","Ảnh sản phẩm","Sản phẩm","/dau-thuy-luc/maxima-68","src/content/sanpham/maxima-68.md","Không"
"Đã có (chờ TDS)","anh-goc/san-pham/","maxima-68-nhan.jpg","Nhãn xô dầu thủy lực Maxima 68","Ảnh sản phẩm","Sản phẩm","/dau-thuy-luc/maxima-68","src/content/sanpham/maxima-68.md","Không"
"Đã có (chờ TDS)","anh-goc/san-pham/","maxxi-coolant-red-can-5l.jpg","Can 5 lít nước làm mát Maxxi Coolant Red tại kho Hải Phòng","Ảnh sản phẩm","Sản phẩm","/nuoc-lam-mat/maxxi-coolant-red","src/content/sanpham/maxxi-coolant-red.md","Không"
"Đã có (chờ TDS)","anh-goc/san-pham/","maxxi-coolant-red-nhan.jpg","Nhãn can nước làm mát Maxxi Coolant Red","Ảnh sản phẩm","Sản phẩm","/nuoc-lam-mat/maxxi-coolant-red","src/content/sanpham/maxxi-coolant-red.md","Không"
"Bài đang tắt","anh-goc/san-pham/","pvoil-pv-grease-no2-phuy.jpg","Phuy mỡ PVOIL PV Grease No2 tại kho Hải Phòng","Ảnh sản phẩm","Sản phẩm","/mo-boi-tron-cong-nghiep/pvoil-pv-grease","src/content/sanpham/pvoil-pv-grease.md","Không"
"Bài đang tắt","anh-goc/san-pham/","pvoil-pv-grease-no3-phuy.jpg","Phuy mỡ PVOIL PV Grease No3","Ảnh sản phẩm","Sản phẩm","/mo-boi-tron-cong-nghiep/pvoil-pv-grease","src/content/sanpham/pvoil-pv-grease.md","Không"
"Bài đang tắt","anh-goc/san-pham/","pvoil-pv-grease-nhan.jpg","Nhãn phuy mỡ PV Grease của PVOIL Lube ghi cấp NLGI","Ảnh sản phẩm","Sản phẩm","/mo-boi-tron-cong-nghiep/pvoil-pv-grease","src/content/sanpham/pvoil-pv-grease.md","Không"
"Bài đang tắt","anh-goc/san-pham/","shell-gadus-s2-v220-2-xo-18kg.jpg","Xô 18 kg mỡ bò Shell Gadus S2 V220 2 tại kho Hải Phòng","Ảnh sản phẩm","Sản phẩm","/mo-boi-tron-cong-nghiep/shell-gadus-s2-v220-2","src/content/sanpham/shell-gadus-s2-v220-2.md","Không"
"Bài đang tắt","anh-goc/san-pham/","shell-gadus-s2-v220-2-nhan.jpg","Nhãn xô Shell Gadus S2 V220 2 ghi cấp NLGI 2","Ảnh sản phẩm","Sản phẩm","/mo-boi-tron-cong-nghiep/shell-gadus-s2-v220-2","src/content/sanpham/shell-gadus-s2-v220-2.md","Không"
"Bài đang tắt","anh-goc/san-pham/","shell-gadus-s2-v220-2-mau-mo.jpg","Màu và độ đặc của mỡ Shell Gadus S2 V220 2 khi mở nắp xô","Ảnh sản phẩm","Sản phẩm","/mo-boi-tron-cong-nghiep/shell-gadus-s2-v220-2","src/content/sanpham/shell-gadus-s2-v220-2.md","Không"
"Bài đang tắt","anh-goc/san-pham/","shell-gadus-s3-v220c-2-xo-18kg.jpg","Xô 18 kg mỡ chịu nhiệt Shell Gadus S3 V220C 2 tại kho Hải Phòng","Ảnh sản phẩm","Sản phẩm","/mo-chiu-nhiet/shell-gadus-s3-v220c-2","src/content/sanpham/shell-gadus-s3-v220c-2.md","Không"
"Bài đang tắt","anh-goc/san-pham/","shell-gadus-s3-v220c-2-nhan.jpg","Nhãn xô Shell Gadus S3 V220C 2 ghi lithium complex NLGI 2","Ảnh sản phẩm","Sản phẩm","/mo-chiu-nhiet/shell-gadus-s3-v220c-2","src/content/sanpham/shell-gadus-s3-v220c-2.md","Không"
"Bài đang tắt","anh-goc/san-pham/","shell-gadus-s3-v220c-2-mau-mo.jpg","Mỡ Shell Gadus S3 V220C 2 màu đỏ khi mở nắp xô","Ảnh sản phẩm","Sản phẩm","/mo-chiu-nhiet/shell-gadus-s3-v220c-2","src/content/sanpham/shell-gadus-s3-v220c-2.md","Không"
"Bài đang tắt","anh-goc/san-pham/","shell-rimula-r4-x-phuy-200l.jpg","Phuy 200 lít dầu động cơ diesel Shell Rimula R4 X 15W-40 tại kho Hải Phòng","Ảnh sản phẩm","Sản phẩm","/dau-dong-co-diesel/shell-rimula-r4-x","src/content/sanpham/shell-rimula-r4-x.md","Không"
"Bài đang tắt","anh-goc/san-pham/","shell-rimula-r4-x-nhan.jpg","Nhãn phuy Shell Rimula R4 X 15W-40 ghi cấp API CI-4","Ảnh sản phẩm","Sản phẩm","/dau-dong-co-diesel/shell-rimula-r4-x","src/content/sanpham/shell-rimula-r4-x.md","Không"
"Bài đang tắt","anh-goc/san-pham/","shl-edm-32-phuy-200l.jpg","Phuy 200 lít dầu xung điện SHL EDM 32 tại kho Hải Phòng","Ảnh sản phẩm","Sản phẩm","/dau-xung-dien-edm/shl-edm-32","src/content/sanpham/shl-edm-32.md","Không"
"Bài đang tắt","anh-goc/san-pham/","shl-edm-32-nhan.jpg","Nhãn phuy dầu máy xung điện SHL EDM 32","Ảnh sản phẩm","Sản phẩm","/dau-xung-dien-edm/shl-edm-32","src/content/sanpham/shl-edm-32.md","Không"
"Bài đang tắt","anh-goc/san-pham/","shl-syn-therm-32l-xo-20l.jpg","Xô 20 lít dầu truyền nhiệt tổng hợp SHL Syn Therm 32L tại kho Hải Phòng","Ảnh sản phẩm","Sản phẩm","/dau-truyen-nhiet/shl-syn-therm","src/content/sanpham/shl-syn-therm.md","Không"
"Bài đang tắt","anh-goc/san-pham/","shl-syn-therm-32l-nhan.jpg","Nhãn xô SHL Syn Therm 32L ghi tên sản phẩm và cấp độ nhớt","Ảnh sản phẩm","Sản phẩm","/dau-truyen-nhiet/shl-syn-therm","src/content/sanpham/shl-syn-therm.md","Không"
"Bài đang tắt","anh-goc/san-pham/","total-rubia-tir-7400-phuy-200l.jpg","Phuy 200 lít dầu động cơ TotalEnergies Rubia TIR 7400 15W-40 tại kho Hải Phòng","Ảnh sản phẩm","Sản phẩm","/dau-dong-co-diesel/total-rubia-tir-7400","src/content/sanpham/total-rubia-tir-7400.md","Không"
"Bài đang tắt","anh-goc/san-pham/","total-rubia-tir-7400-nhan.jpg","Nhãn phuy Rubia TIR 7400 15W-40 ghi cấp API CI-4 và ACEA E7","Ảnh sản phẩm","Sản phẩm","/dau-dong-co-diesel/total-rubia-tir-7400","src/content/sanpham/total-rubia-tir-7400.md","Không"
"Bài đang tắt","anh-goc/san-pham/","total-rubia-xt-20w50-phuy-200l.jpg","Phuy 200 lít dầu động cơ TotalEnergies Rubia XT 20W-50 tại kho Hải Phòng","Ảnh sản phẩm","Sản phẩm","/dau-dong-co-diesel/total-rubia-xt","src/content/sanpham/total-rubia-xt.md","Không"
"Bài đang tắt","anh-goc/san-pham/","total-rubia-xt-nhan.jpg","Nhãn phuy Rubia XT 20W-50 ghi cấp API CF-4/SJ","Ảnh sản phẩm","Sản phẩm","/dau-dong-co-diesel/total-rubia-xt","src/content/sanpham/total-rubia-xt.md","Không"
"Bài đang tắt","anh-goc/san-pham/","vhp-caxilium-grease-no2-phuy-180kg.jpg","Phuy 180 kg mỡ VHP Caxilium Grease No2 tại kho Hải Phòng","Ảnh sản phẩm","Sản phẩm","/mo-boi-tron-cong-nghiep/vhp-caxilium-grease","src/content/sanpham/vhp-caxilium-grease.md","Không"
"Bài đang tắt","anh-goc/san-pham/","vhp-caxilium-grease-no3-phuy-180kg.jpg","Phuy 180 kg mỡ VHP Caxilium Grease No3","Ảnh sản phẩm","Sản phẩm","/mo-boi-tron-cong-nghiep/vhp-caxilium-grease","src/content/sanpham/vhp-caxilium-grease.md","Không"
"Bài đang tắt","anh-goc/san-pham/","vhp-caxilium-grease-nhan.jpg","Nhãn phuy mỡ VHP Caxilium Grease ghi cấp No2","Ảnh sản phẩm","Sản phẩm","/mo-boi-tron-cong-nghiep/vhp-caxilium-grease","src/content/sanpham/vhp-caxilium-grease.md","Không"
"Bài đang tắt","anh-goc/san-pham/","vhp-diamond-turbo-20w50-phuy-200l.jpg","Phuy 200 lít dầu động cơ diesel VHP Diamond Turbo 20W-50 tại kho Hải Phòng","Ảnh sản phẩm","Sản phẩm","/dau-dong-co-diesel/vhp-diamond-turbo","src/content/sanpham/vhp-diamond-turbo.md","Không"
"Bài đang tắt","anh-goc/san-pham/","vhp-diamond-turbo-nhan.jpg","Nhãn phuy VHP Diamond Turbo ghi cấp API CF-4/SJ và SAE 20W-50","Ảnh sản phẩm","Sản phẩm","/dau-dong-co-diesel/vhp-diamond-turbo","src/content/sanpham/vhp-diamond-turbo.md","Không"
"Bài đang tắt","anh-goc/san-pham/","vhp-heatrans-32-xo-18l.jpg","Xô 18 lít dầu truyền nhiệt VHP Heatrans Oil 32 tại kho Hải Phòng","Ảnh sản phẩm","Sản phẩm","/dau-truyen-nhiet/vhp-heatrans","src/content/sanpham/vhp-heatrans.md","Không"
"Bài đang tắt","anh-goc/san-pham/","vhp-heatrans-46-xo-18l.jpg","Xô 18 lít dầu truyền nhiệt VHP Heatrans Oil 46","Ảnh sản phẩm","Sản phẩm","/dau-truyen-nhiet/vhp-heatrans","src/content/sanpham/vhp-heatrans.md","Không"
"Bài đang tắt","anh-goc/san-pham/","vhp-heatrans-nhan.jpg","Nhãn xô VHP Heatrans Oil ghi cấp độ nhớt","Ảnh sản phẩm","Sản phẩm","/dau-truyen-nhiet/vhp-heatrans","src/content/sanpham/vhp-heatrans.md","Không"
"Bài đang tắt","anh-goc/san-pham/","vhp-hymatran-10w-phuy-200l.jpg","Phuy 200 lít dầu truyền động VHP Hymatran Oil 10W tại kho Hải Phòng","Ảnh sản phẩm","Sản phẩm","/dau-cau-hop-so/vhp-hymatran-10w","src/content/sanpham/vhp-hymatran-10w.md","Không"
"Bài đang tắt","anh-goc/san-pham/","vhp-hymatran-10w-xo-18l.jpg","Xô 18 lít dầu VHP Hymatran Oil 10W","Ảnh sản phẩm","Sản phẩm","/dau-cau-hop-so/vhp-hymatran-10w","src/content/sanpham/vhp-hymatran-10w.md","Không"
"Bài đang tắt","anh-goc/san-pham/","vhp-hymatran-10w-nhan.jpg","Nhãn VHP Hymatran Oil 10W ghi cấp SAE 10W","Ảnh sản phẩm","Sản phẩm","/dau-cau-hop-so/vhp-hymatran-10w","src/content/sanpham/vhp-hymatran-10w.md","Không"
"Bài đang tắt","anh-goc/san-pham/","vhp-isonas-aw-68-phuy-200l.jpg","Phuy 200 lít dầu thủy lực VHP Isonas AW 68 tại kho Hải Phòng","Ảnh sản phẩm","Sản phẩm","/dau-thuy-luc/vhp-isonas-aw","src/content/sanpham/vhp-isonas-aw.md","Không"
"Bài đang tắt","anh-goc/san-pham/","vhp-isonas-aw-68-can-18l.jpg","Can 18 lít dầu thủy lực VHP Isonas AW 68","Ảnh sản phẩm","Sản phẩm","/dau-thuy-luc/vhp-isonas-aw","src/content/sanpham/vhp-isonas-aw.md","Không"
"Bài đang tắt","anh-goc/san-pham/","vhp-isonas-aw-32-xo-18l.jpg","Xô 18 lít dầu thủy lực VHP Isonas AW 32","Ảnh sản phẩm","Sản phẩm","/dau-thuy-luc/vhp-isonas-aw","src/content/sanpham/vhp-isonas-aw.md","Không"
"Bài đang tắt","anh-goc/san-pham/","vhp-isonas-aw-32-phuy-200l.jpg","Phuy 200 lít dầu thủy lực VHP Isonas AW 32","Ảnh sản phẩm","Sản phẩm","/dau-thuy-luc/vhp-isonas-aw","src/content/sanpham/vhp-isonas-aw.md","Không"
"Bài đang tắt","anh-goc/san-pham/","vhp-lotus-oil-ls-phuy-200l.jpg","Phuy 200 lít dầu cắt gọt pha nước VHP Lotus Oil LS tại kho Hải Phòng","Ảnh sản phẩm","Sản phẩm","/dau-cat-got/vhp-lotus-oil-ls","src/content/sanpham/vhp-lotus-oil-ls.md","Không"
"Bài đang tắt","anh-goc/san-pham/","vhp-lotus-oil-ls-nhan.jpg","Nhãn phuy dầu cắt gọt VHP Lotus Oil LS","Ảnh sản phẩm","Sản phẩm","/dau-cat-got/vhp-lotus-oil-ls","src/content/sanpham/vhp-lotus-oil-ls.md","Không"
"Bài đang tắt","anh-goc/san-pham/","vhp-lotus-oil-ls-dung-dich.jpg","Dung dịch VHP Lotus Oil LS pha nước có màu trắng sữa ánh xanh","Ảnh sản phẩm","Sản phẩm","/dau-cat-got/vhp-lotus-oil-ls","src/content/sanpham/vhp-lotus-oil-ls.md","Không"
"Bài đang tắt","anh-goc/san-pham/","vhp-opal-grease-nlgi3-phuy-180kg.jpg","Phuy 180 kg mỡ VHP Opal Grease NLGI 3 tại kho Hải Phòng","Ảnh sản phẩm","Sản phẩm","/mo-boi-tron-cong-nghiep/vhp-opal-grease","src/content/sanpham/vhp-opal-grease.md","Không"
"Bài đang tắt","anh-goc/san-pham/","vhp-opal-grease-nlgi4-xo-15kg.jpg","Xô 15 kg mỡ VHP Opal Grease NLGI 4","Ảnh sản phẩm","Sản phẩm","/mo-boi-tron-cong-nghiep/vhp-opal-grease","src/content/sanpham/vhp-opal-grease.md","Không"
"Bài đang tắt","anh-goc/san-pham/","vhp-opal-grease-nhan.jpg","Nhãn mỡ VHP Opal Grease ghi cấp NLGI","Ảnh sản phẩm","Sản phẩm","/mo-boi-tron-cong-nghiep/vhp-opal-grease","src/content/sanpham/vhp-opal-grease.md","Không"
"THIẾU (chờ TDS)","anh-goc/san-pham/","vhp-p140-xo-18l.jpg","Xô 18 lít dầu cầu VHP P140 tại kho Hải Phòng","Ảnh sản phẩm","Sản phẩm","/dau-cau-hop-so/vhp-p140","src/content/sanpham/vhp-p140.md","Không"
"THIẾU (chờ TDS)","anh-goc/san-pham/","vhp-p140-nhan.jpg","Nhãn xô dầu cầu VHP P140 ghi cấp SAE 140","Ảnh sản phẩm","Sản phẩm","/dau-cau-hop-so/vhp-p140","src/content/sanpham/vhp-p140.md","Không"
"THIẾU (chờ TDS)","anh-goc/san-pham/","vhp-rosia-cpr-46-xo-18l.jpg","Xô 18 lít dầu máy nén khí VHP Rosia CPR 46 tại kho Hải Phòng","Ảnh sản phẩm","Sản phẩm","/dau-may-nen-khi/vhp-rosia-cpr","src/content/sanpham/vhp-rosia-cpr.md","Không"
"THIẾU (chờ TDS)","anh-goc/san-pham/","vhp-rosia-cpr-32-xo-18l.jpg","Xô 18 lít dầu máy nén khí VHP Rosia CPR 32","Ảnh sản phẩm","Sản phẩm","/dau-may-nen-khi/vhp-rosia-cpr","src/content/sanpham/vhp-rosia-cpr.md","Không"
"THIẾU (chờ TDS)","anh-goc/san-pham/","vhp-rosia-cpr-nhan.jpg","Nhãn xô VHP Rosia CPR ghi cấp độ nhớt ISO VG","Ảnh sản phẩm","Sản phẩm","/dau-may-nen-khi/vhp-rosia-cpr","src/content/sanpham/vhp-rosia-cpr.md","Không"
"Bài đang tắt","anh-goc/san-pham/","vhp-rosia-cs-46-phuy-200l.jpg","Phuy 200 lít dầu tuần hoàn VHP Rosia CS 46 tại kho Hải Phòng","Ảnh sản phẩm","Sản phẩm","/dau-ranh-truot/vhp-rosia-cs","src/content/sanpham/vhp-rosia-cs.md","Không"
"Bài đang tắt","anh-goc/san-pham/","vhp-rosia-cs-nhan.jpg","Nhãn phuy dầu VHP Rosia CS 46 ghi cấp độ nhớt","Ảnh sản phẩm","Sản phẩm","/dau-ranh-truot/vhp-rosia-cs","src/content/sanpham/vhp-rosia-cs.md","Không"
"Bài đang tắt","anh-goc/san-pham/","vhp-rosia-ep-220-phuy-200l.jpg","Phuy 200 lít dầu bánh răng VHP Rosia EP 220 tại kho Hải Phòng","Ảnh sản phẩm","Sản phẩm","/dau-banh-rang/vhp-rosia-ep","src/content/sanpham/vhp-rosia-ep.md","Không"
"Bài đang tắt","anh-goc/san-pham/","vhp-rosia-ep-220-xo-18l.jpg","Xô 18 lít dầu bánh răng VHP Rosia EP 220","Ảnh sản phẩm","Sản phẩm","/dau-banh-rang/vhp-rosia-ep","src/content/sanpham/vhp-rosia-ep.md","Không"
"Bài đang tắt","anh-goc/san-pham/","vhp-rosia-ep-320-xo-18l.jpg","Xô 18 lít dầu bánh răng VHP Rosia EP 320","Ảnh sản phẩm","Sản phẩm","/dau-banh-rang/vhp-rosia-ep","src/content/sanpham/vhp-rosia-ep.md","Không"
"Bài đang tắt","anh-goc/san-pham/","vhp-rosia-ep-nhan.jpg","Nhãn xô VHP Rosia EP ghi cấp độ nhớt và tiêu chuẩn","Ảnh sản phẩm","Sản phẩm","/dau-banh-rang/vhp-rosia-ep","src/content/sanpham/vhp-rosia-ep.md","Không"
"THIẾU (chờ TDS)","anh-goc/san-pham/","vhp-spadila-atf-xo-18l.jpg","Xô 18 lít dầu hộp số tự động VHP Spadila ATF tại kho Hải Phòng","Ảnh sản phẩm","Sản phẩm","/dau-cau-hop-so/vhp-spadila-atf","src/content/sanpham/vhp-spadila-atf.md","Không"
"THIẾU (chờ TDS)","anh-goc/san-pham/","vhp-spadila-atf-nhan.jpg","Nhãn xô VHP Spadila ATF ghi tiêu chuẩn Dexron","Ảnh sản phẩm","Sản phẩm","/dau-cau-hop-so/vhp-spadila-atf","src/content/sanpham/vhp-spadila-atf.md","Không"
"Bài đang tắt","anh-goc/san-pham/","vhp-spadila-gl5-85w-140-xo-18l.jpg","Xô 18 lít dầu cầu VHP Spadila GL-5 85W-140 tại kho Hải Phòng","Ảnh sản phẩm","Sản phẩm","/dau-cau-hop-so/vhp-spadila-gl5","src/content/sanpham/vhp-spadila-gl5.md","Không"
"Bài đang tắt","anh-goc/san-pham/","vhp-spadila-gl5-80w-90-xo-18l.jpg","Xô 18 lít dầu cầu VHP Spadila GL-5 80W-90","Ảnh sản phẩm","Sản phẩm","/dau-cau-hop-so/vhp-spadila-gl5","src/content/sanpham/vhp-spadila-gl5.md","Không"
"Bài đang tắt","anh-goc/san-pham/","vhp-spadila-gl5-phuy-200l.jpg","Phuy 200 lít dầu cầu VHP Spadila GL-5","Ảnh sản phẩm","Sản phẩm","/dau-cau-hop-so/vhp-spadila-gl5","src/content/sanpham/vhp-spadila-gl5.md","Không"
"Bài đang tắt","anh-goc/san-pham/","vhp-spinax-aw-68-phuy-200l.jpg","Phuy 200 lít dầu thủy lực VHP Spinax AW 68 tại kho Hải Phòng","Ảnh sản phẩm","Sản phẩm","/dau-thuy-luc/vhp-spinax-aw","src/content/sanpham/vhp-spinax-aw.md","Không"
"Bài đang tắt","anh-goc/san-pham/","vhp-spinax-aw-super-68-phuy-200l.jpg","Phuy 200 lít dầu thủy lực VHP Spinax AW Super 68","Ảnh sản phẩm","Sản phẩm","/dau-thuy-luc/vhp-spinax-aw","src/content/sanpham/vhp-spinax-aw.md","Không"
"Bài đang tắt","anh-goc/san-pham/","vhp-spinax-aw-nhan.jpg","Nhãn phuy dầu thủy lực VHP Spinax AW ghi cấp độ nhớt 68","Ảnh sản phẩm","Sản phẩm","/dau-thuy-luc/vhp-spinax-aw","src/content/sanpham/vhp-spinax-aw.md","Không"
"Bài đang tắt","anh-goc/san-pham/","vhp-unitrans-oil-phuy-210l.jpg","Phuy 210 lít dầu cách điện VHP Unitrans Oil Hi-Volt tại kho Hải Phòng","Ảnh sản phẩm","Sản phẩm","/dau-cach-dien/vhp-unitrans-oil","src/content/sanpham/vhp-unitrans-oil.md","Không"
"Bài đang tắt","anh-goc/san-pham/","vhp-unitrans-oil-xo-18l.jpg","Xô 18 lít dầu biến thế VHP Unitrans Oil Hi-Volt","Ảnh sản phẩm","Sản phẩm","/dau-cach-dien/vhp-unitrans-oil","src/content/sanpham/vhp-unitrans-oil.md","Không"
"Bài đang tắt","anh-goc/san-pham/","vhp-unitrans-oil-nhan.jpg","Nhãn dầu cách điện VHP Unitrans Oil ghi tiêu chuẩn IEC 60296","Ảnh sản phẩm","Sản phẩm","/dau-cach-dien/vhp-unitrans-oil","src/content/sanpham/vhp-unitrans-oil.md","Không"
"THIẾU (chờ TDS)","anh-goc/san-pham/","x-one-aw-68-phuy-200l.jpg","Phuy 200 lít dầu thủy lực X-One AW 68 tại kho Hải Phòng","Ảnh sản phẩm","Sản phẩm","/dau-thuy-luc/x-one-aw-68","src/content/sanpham/x-one-aw-68.md","Không"
"THIẾU (chờ TDS)","anh-goc/san-pham/","x-one-aw-68-xo-18l.jpg","Xô 18 lít dầu thủy lực X-One AW 68","Ảnh sản phẩm","Sản phẩm","/dau-thuy-luc/x-one-aw-68","src/content/sanpham/x-one-aw-68.md","Không"
"THIẾU (chờ TDS)","anh-goc/san-pham/","x-one-aw-68-nhan.jpg","Nhãn dầu thủy lực X-One AW 68 ghi cấp độ nhớt ISO VG 68","Ảnh sản phẩm","Sản phẩm","/dau-thuy-luc/x-one-aw-68","src/content/sanpham/x-one-aw-68.md","Không"